SABER,KYBER,NTRU,NTRUP,FRODO
1432.0655737704917,7384.0,1437.9996108991074,2067842.8809459845
1338.5573770491803,7384.0,1316.5259864269237,1733240.6729373848
1319.1475409836066,7384.0,1311.8048864823124,1720832.0601988724
1309.639344262295,7384.0,1330.4585926096124,1770120.0666487506
1520.72131147541,7384.0,1546.1365508285862,2390538.2338081175
